tasktype,ID,sumscore,nitems,group,gp,tt
PSTps,1,76,80,immersion,2,1
PSTps,2,74,80,native,1,1
PSTps,3,71,80,immersion,2,1
PSTps,4,71,80,classroom,3,1
PSTps,5,79,80,classroom,3,1
PSTps,6,79,80,native,1,1
PSTps,7,78,80,native,1,1
PSTps,8,77,80,classroom,3,1
PSTps,9,74,80,native,1,1
PSTps,10,78,80,classroom,3,1
PSTps,11,72,80,classroom,3,1
PSTps,12,76,80,immersion,2,1
PSTps,13,76,80,native,1,1
PSTps,14,75,80,immersion,2,1
PSTps,15,80,80,classroom,3,1
PSTps,16,76,80,immersion,2,1
PSTps,17,78,80,native,1,1
PSTps,18,73,80,immersion,2,1
PSTps,19,73,80,native,1,1
PSTps,20,78,80,native,1,1
PSTps,21,71,80,native,1,1
PSTps,22,80,80,immersion,2,1
PSTps,23,80,80,immersion,2,1
PSTps,24,77,80,classroom,3,1
PSTps,25,80,80,native,1,1
PSTps,26,77,80,immersion,2,1
PSTps,27,79,80,immersion,2,1
PSTps,28,73,80,immersion,2,1
PSTps,29,76,80,native,1,1
PSTps,30,78,80,classroom,3,1
PSTps,31,80,80,immersion,2,1
PSTps,32,78,80,classroom,3,1
PSTps,33,80,80,native,1,1
PSTps,34,75,80,classroom,3,1
PSTps,35,80,80,native,1,1
PSTps,36,76,80,native,1,1
PSTps,37,80,80,immersion,2,1
PSTps,38,80,80,native,1,1
PSTps,39,75,80,classroom,3,1
PSTps,40,80,80,classroom,3,1
PSTps,41,78,80,classroom,3,1
PSTps,42,78,80,classroom,3,1
PSTps,43,80,80,native,1,1
PSTps,44,76,80,native,1,1
PSTps,45,76,80,native,1,1
PSTps,46,74,80,immersion,2,1
PSTps,47,74,80,native,1,1
PSTps,48,80,80,immersion,2,1
PSTps,49,78,80,classroom,3,1
PSTps,50,79,80,immersion,2,1
PSTps,51,73,80,immersion,2,1
PSTps,52,79,80,native,1,1
PSTps,53,79,80,classroom,3,1
PSTps,54,77,80,native,1,1
PSTps,55,75,80,immersion,2,1
PSTps,56,80,80,native,1,1
PSTps,57,74,80,classroom,3,1
PSTps,58,77,80,immersion,2,1
PSTps,59,72,80,immersion,2,1
PSTps,60,75,80,classroom,3,1
PSTps,61,77,80,native,1,1
PSTps,62,74,80,immersion,2,1
PSTps,63,80,80,classroom,3,1
PSTps,64,80,80,immersion,2,1
PSTps,65,79,80,classroom,3,1
PSTps,66,79,80,native,1,1
PSTps,67,80,80,classroom,3,1
PSTps,68,71,80,classroom,3,1
PSTps,69,78,80,native,1,1
PSTps,70,77,80,native,1,1
PSTps,71,75,80,immersion,2,1
PSTps,72,75,80,immersion,2,1
PSTps,73,79,80,native,1,1
PSTps,74,70,80,immersion,2,1
PSTps,75,78,80,classroom,3,1
PSTps,76,80,80,immersion,2,1
PSTps,77,70,80,immersion,2,1
PSTps,78,80,80,native,1,1
PSTps,79,80,80,classroom,3,1
PSTps,80,77,80,immersion,2,1
PSTps,81,78,80,classroom,3,1
PSTps,82,80,80,native,1,1
PSTps,83,73,80,immersion,2,1
PSTps,84,79,80,native,1,1
PSTps,85,78,80,immersion,2,1
PSTps,86,77,80,native,1,1
PSTps,87,76,80,native,1,1
PSTps,88,76,80,classroom,3,1
PSTps,89,77,80,native,1,1
PSTps,90,76,80,native,1,1
PSTps,91,79,80,classroom,3,1
PSTps,92,76,80,immersion,2,1
PSTps,93,78,80,immersion,2,1
PSTps,94,79,80,immersion,2,1
PSTps,95,79,80,classroom,3,1
PSTps,96,78,80,classroom,3,1
PSTps,97,79,80,classroom,3,1
PSTps,98,75,80,classroom,3,1
PSTps,99,80,80,classroom,3,1
PSTps,100,78,80,native,1,1
PSTps,101,80,80,classroom,3,1
PSTps,102,80,80,immersion,2,1
PSTps,103,74,80,classroom,3,1
PSTps,104,76,80,classroom,3,1
PSTps,105,77,80,native,1,1
PSTps,106,79,80,native,1,1
PSTps,107,75,80,immersion,2,1
PSTps,108,79,80,classroom,3,1
PSTps,109,78,80,immersion,2,1
PSTps,110,78,80,native,1,1
PSTps,111,80,80,native,1,1
PSTps,112,71,80,immersion,2,1
PSTps,113,80,80,classroom,3,1
PSTps,114,78,80,classroom,3,1
PSTps,115,75,80,immersion,2,1
PSTps,116,68,80,immersion,2,1
PSTps,117,80,80,classroom,3,1
PSTps,118,79,80,native,1,1
PSTps,119,80,80,classroom,3,1
PSTps,120,79,80,classroom,3,1
PSTps,121,78,80,immersion,2,1
PSTps,122,77,80,classroom,3,1
PSTps,123,79,80,immersion,2,1
PSTps,124,80,80,native,1,1
PSTps,125,69,80,immersion,2,1
PSTps,126,78,80,immersion,2,1
PSTps,127,79,80,native,1,1
PSTps,128,78,80,classroom,3,1
PSTps,129,77,80,classroom,3,1
PSTps,130,75,80,classroom,3,1
PSTps,131,80,80,native,1,1
PSTps,132,69,80,native,1,1
PSTps,133,79,80,native,1,1
PSTps,134,72,80,immersion,2,1
PSTps,135,78,80,immersion,2,1
sGJTG,1,38,40,immersion,2,2
sGJTG,2,36,37,native,1,2
sGJTG,3,35,40,immersion,2,2
sGJTG,4,31,40,classroom,3,2
sGJTG,5,30,38,classroom,3,2
sGJTG,6,40,40,native,1,2
sGJTG,7,36,40,native,1,2
sGJTG,8,38,40,classroom,3,2
sGJTG,9,39,40,native,1,2
sGJTG,10,27,40,classroom,3,2
sGJTG,11,32,40,classroom,3,2
sGJTG,12,38,40,immersion,2,2
sGJTG,13,40,40,native,1,2
sGJTG,14,40,40,immersion,2,2
sGJTG,15,27,40,classroom,3,2
sGJTG,16,30,40,immersion,2,2
sGJTG,17,39,40,native,1,2
sGJTG,18,34,40,immersion,2,2
sGJTG,19,38,40,native,1,2
sGJTG,20,36,40,native,1,2
sGJTG,21,37,40,native,1,2
sGJTG,22,34,40,immersion,2,2
sGJTG,23,34,40,immersion,2,2
sGJTG,24,32,38,classroom,3,2
sGJTG,25,38,40,native,1,2
sGJTG,26,34,40,immersion,2,2
sGJTG,27,39,40,immersion,2,2
sGJTG,28,36,40,immersion,2,2
sGJTG,29,38,40,native,1,2
sGJTG,30,29,40,classroom,3,2
sGJTG,31,34,40,immersion,2,2
sGJTG,32,36,40,classroom,3,2
sGJTG,33,39,40,native,1,2
sGJTG,34,40,40,classroom,3,2
sGJTG,35,39,40,native,1,2
sGJTG,36,39,40,native,1,2
sGJTG,37,38,40,immersion,2,2
sGJTG,38,39,40,native,1,2
sGJTG,39,39,40,classroom,3,2
sGJTG,40,36,40,classroom,3,2
sGJTG,41,25,40,classroom,3,2
sGJTG,42,32,40,classroom,3,2
sGJTG,43,37,40,native,1,2
sGJTG,44,39,40,native,1,2
sGJTG,45,38,40,native,1,2
sGJTG,46,37,39,immersion,2,2
sGJTG,47,40,40,native,1,2
sGJTG,48,40,40,immersion,2,2
sGJTG,49,30,40,classroom,3,2
sGJTG,50,32,40,immersion,2,2
sGJTG,51,36,40,immersion,2,2
sGJTG,52,39,40,native,1,2
sGJTG,53,36,40,classroom,3,2
sGJTG,54,37,40,native,1,2
sGJTG,55,29,39,immersion,2,2
sGJTG,56,36,40,native,1,2
sGJTG,57,30,40,classroom,3,2
sGJTG,58,30,39,immersion,2,2
sGJTG,59,24,40,immersion,2,2
sGJTG,60,35,39,classroom,3,2
sGJTG,61,38,40,native,1,2
sGJTG,62,35,40,immersion,2,2
sGJTG,63,35,40,classroom,3,2
sGJTG,64,33,40,immersion,2,2
sGJTG,65,40,40,classroom,3,2
sGJTG,66,34,40,native,1,2
sGJTG,67,40,40,classroom,3,2
sGJTG,68,31,40,classroom,3,2
sGJTG,69,40,40,native,1,2
sGJTG,70,39,40,native,1,2
sGJTG,71,38,40,immersion,2,2
sGJTG,72,32,37,immersion,2,2
sGJTG,73,38,40,native,1,2
sGJTG,74,34,40,immersion,2,2
sGJTG,75,30,39,classroom,3,2
sGJTG,76,35,40,immersion,2,2
sGJTG,77,38,40,immersion,2,2
sGJTG,78,36,40,native,1,2
sGJTG,79,39,40,classroom,3,2
sGJTG,80,35,39,immersion,2,2
sGJTG,81,33,39,classroom,3,2
sGJTG,82,40,40,native,1,2
sGJTG,83,35,40,immersion,2,2
sGJTG,84,38,40,native,1,2
sGJTG,85,31,40,immersion,2,2
sGJTG,86,40,40,native,1,2
sGJTG,87,38,40,native,1,2
sGJTG,88,31,40,classroom,3,2
sGJTG,89,39,40,native,1,2
sGJTG,90,34,40,native,1,2
sGJTG,91,28,40,classroom,3,2
sGJTG,92,39,40,immersion,2,2
sGJTG,93,36,40,immersion,2,2
sGJTG,94,34,40,immersion,2,2
sGJTG,95,35,40,classroom,3,2
sGJTG,96,28,39,classroom,3,2
sGJTG,97,35,40,classroom,3,2
sGJTG,98,28,40,classroom,3,2
sGJTG,99,35,40,classroom,3,2
sGJTG,100,39,39,native,1,2
sGJTG,101,39,40,classroom,3,2
sGJTG,102,31,40,immersion,2,2
sGJTG,103,32,39,classroom,3,2
sGJTG,104,28,40,classroom,3,2
sGJTG,105,40,40,native,1,2
sGJTG,106,36,39,native,1,2
sGJTG,107,38,40,immersion,2,2
sGJTG,108,37,40,classroom,3,2
sGJTG,109,36,38,immersion,2,2
sGJTG,110,37,40,native,1,2
sGJTG,111,38,40,native,1,2
sGJTG,112,37,40,immersion,2,2
sGJTG,113,37,40,classroom,3,2
sGJTG,114,32,40,classroom,3,2
sGJTG,115,36,40,immersion,2,2
sGJTG,116,34,40,immersion,2,2
sGJTG,117,37,40,classroom,3,2
sGJTG,118,37,39,native,1,2
sGJTG,119,33,40,classroom,3,2
sGJTG,120,37,40,classroom,3,2
sGJTG,121,27,40,immersion,2,2
sGJTG,122,38,40,classroom,3,2
sGJTG,123,38,40,immersion,2,2
sGJTG,124,38,40,native,1,2
sGJTG,125,30,40,immersion,2,2
sGJTG,126,37,40,immersion,2,2
sGJTG,127,40,40,native,1,2
sGJTG,128,28,40,classroom,3,2
sGJTG,129,35,40,classroom,3,2
sGJTG,130,36,40,classroom,3,2
sGJTG,131,39,40,native,1,2
sGJTG,132,35,40,native,1,2
sGJTG,133,39,40,native,1,2
sGJTG,134,35,39,immersion,2,2
sGJTG,135,34,40,immersion,2,2
sGJTU,1,39,40,immersion,2,3
sGJTU,2,29,37,native,1,3
sGJTU,3,33,40,immersion,2,3
sGJTU,4,15,39,classroom,3,3
sGJTU,5,29,38,classroom,3,3
sGJTU,6,35,40,native,1,3
sGJTU,7,38,40,native,1,3
sGJTU,8,32,39,classroom,3,3
sGJTU,9,36,40,native,1,3
sGJTU,10,13,39,classroom,3,3
sGJTU,11,28,40,classroom,3,3
sGJTU,12,37,40,immersion,2,3
sGJTU,13,38,40,native,1,3
sGJTU,14,33,40,immersion,2,3
sGJTU,15,25,40,classroom,3,3
sGJTU,16,24,38,immersion,2,3
sGJTU,17,36,40,native,1,3
sGJTU,18,33,40,immersion,2,3
sGJTU,19,34,39,native,1,3
sGJTU,20,39,40,native,1,3
sGJTU,21,37,39,native,1,3
sGJTU,22,26,40,immersion,2,3
sGJTU,23,38,40,immersion,2,3
sGJTU,24,34,39,classroom,3,3
sGJTU,25,33,40,native,1,3
sGJTU,26,35,40,immersion,2,3
sGJTU,27,34,39,immersion,2,3
sGJTU,28,35,40,immersion,2,3
sGJTU,29,37,40,native,1,3
sGJTU,30,31,40,classroom,3,3
sGJTU,31,30,40,immersion,2,3
sGJTU,32,26,40,classroom,3,3
sGJTU,33,38,40,native,1,3
sGJTU,34,29,40,classroom,3,3
sGJTU,35,39,40,native,1,3
sGJTU,36,37,39,native,1,3
sGJTU,37,27,39,immersion,2,3
sGJTU,38,37,40,native,1,3
sGJTU,39,34,40,classroom,3,3
sGJTU,40,33,40,classroom,3,3
sGJTU,41,30,40,classroom,3,3
sGJTU,42,26,40,classroom,3,3
sGJTU,43,40,40,native,1,3
sGJTU,44,38,40,native,1,3
sGJTU,45,33,38,native,1,3
sGJTU,46,35,40,immersion,2,3
sGJTU,47,38,39,native,1,3
sGJTU,48,36,40,immersion,2,3
sGJTU,49,34,40,classroom,3,3
sGJTU,50,26,40,immersion,2,3
sGJTU,51,26,40,immersion,2,3
sGJTU,52,36,40,native,1,3
sGJTU,53,32,39,classroom,3,3
sGJTU,54,40,40,native,1,3
sGJTU,55,32,40,immersion,2,3
sGJTU,56,39,40,native,1,3
sGJTU,57,24,38,classroom,3,3
sGJTU,58,28,36,immersion,2,3
sGJTU,59,34,39,immersion,2,3
sGJTU,60,37,39,classroom,3,3
sGJTU,61,35,40,native,1,3
sGJTU,62,36,40,immersion,2,3
sGJTU,63,38,40,classroom,3,3
sGJTU,64,36,40,immersion,2,3
sGJTU,65,39,40,classroom,3,3
sGJTU,66,40,40,native,1,3
sGJTU,67,33,40,classroom,3,3
sGJTU,68,26,40,classroom,3,3
sGJTU,69,39,40,native,1,3
sGJTU,70,35,39,native,1,3
sGJTU,71,24,40,immersion,2,3
sGJTU,72,6,39,immersion,2,3
sGJTU,73,37,40,native,1,3
sGJTU,74,35,40,immersion,2,3
sGJTU,75,17,38,classroom,3,3
sGJTU,76,35,40,immersion,2,3
sGJTU,77,33,40,immersion,2,3
sGJTU,78,39,40,native,1,3
sGJTU,79,38,40,classroom,3,3
sGJTU,80,21,40,immersion,2,3
sGJTU,81,26,40,classroom,3,3
sGJTU,82,35,40,native,1,3
sGJTU,83,30,39,immersion,2,3
sGJTU,84,38,40,native,1,3
sGJTU,85,32,40,immersion,2,3
sGJTU,86,40,40,native,1,3
sGJTU,87,39,40,native,1,3
sGJTU,88,33,40,classroom,3,3
sGJTU,89,39,40,native,1,3
sGJTU,90,40,40,native,1,3
sGJTU,91,33,40,classroom,3,3
sGJTU,92,35,40,immersion,2,3
sGJTU,93,38,40,immersion,2,3
sGJTU,94,28,40,immersion,2,3
sGJTU,95,26,40,classroom,3,3
sGJTU,96,20,33,classroom,3,3
sGJTU,97,36,40,classroom,3,3
sGJTU,98,27,40,classroom,3,3
sGJTU,99,26,39,classroom,3,3
sGJTU,100,39,40,native,1,3
sGJTU,101,38,40,classroom,3,3
sGJTU,102,26,38,immersion,2,3
sGJTU,103,28,40,classroom,3,3
sGJTU,104,25,40,classroom,3,3
sGJTU,105,37,40,native,1,3
sGJTU,106,40,40,native,1,3
sGJTU,107,38,40,immersion,2,3
sGJTU,108,33,39,classroom,3,3
sGJTU,109,31,40,immersion,2,3
sGJTU,110,38,40,native,1,3
sGJTU,111,37,40,native,1,3
sGJTU,112,17,40,immersion,2,3
sGJTU,113,38,40,classroom,3,3
sGJTU,114,31,40,classroom,3,3
sGJTU,115,36,40,immersion,2,3
sGJTU,116,21,39,immersion,2,3
sGJTU,117,31,40,classroom,3,3
sGJTU,118,36,40,native,1,3
sGJTU,119,30,40,classroom,3,3
sGJTU,120,33,40,classroom,3,3
sGJTU,121,28,40,immersion,2,3
sGJTU,122,22,40,classroom,3,3
sGJTU,123,36,40,immersion,2,3
sGJTU,124,39,40,native,1,3
sGJTU,125,26,40,immersion,2,3
sGJTU,126,39,40,immersion,2,3
sGJTU,127,38,40,native,1,3
sGJTU,128,23,40,classroom,3,3
sGJTU,129,29,39,classroom,3,3
sGJTU,130,37,40,classroom,3,3
sGJTU,131,37,40,native,1,3
sGJTU,132,37,40,native,1,3
sGJTU,133,38,40,native,1,3
sGJTU,134,36,39,immersion,2,3
sGJTU,135,29,40,immersion,2,3
wGJTG,1,39,39,immersion,2,4
wGJTG,2,38,40,native,1,4
wGJTG,3,38,40,immersion,2,4
wGJTG,4,31,39,classroom,3,4
wGJTG,5,35,37,classroom,3,4
wGJTG,6,36,40,native,1,4
wGJTG,7,40,40,native,1,4
wGJTG,8,39,40,classroom,3,4
wGJTG,9,39,40,native,1,4
wGJTG,10,37,40,classroom,3,4
wGJTG,11,38,40,classroom,3,4
wGJTG,12,40,40,immersion,2,4
wGJTG,13,40,40,native,1,4
wGJTG,14,39,40,immersion,2,4
wGJTG,15,35,40,classroom,3,4
wGJTG,16,36,38,immersion,2,4
wGJTG,17,40,40,native,1,4
wGJTG,18,39,40,immersion,2,4
wGJTG,19,38,40,native,1,4
wGJTG,20,40,40,native,1,4
wGJTG,21,40,40,native,1,4
wGJTG,22,36,39,immersion,2,4
wGJTG,23,39,39,immersion,2,4
wGJTG,24,40,40,classroom,3,4
wGJTG,25,40,40,native,1,4
wGJTG,26,38,40,immersion,2,4
wGJTG,27,40,40,immersion,2,4
wGJTG,28,40,40,immersion,2,4
wGJTG,29,39,39,native,1,4
wGJTG,30,37,40,classroom,3,4
wGJTG,31,34,39,immersion,2,4
wGJTG,32,35,40,classroom,3,4
wGJTG,33,40,40,native,1,4
wGJTG,34,40,40,classroom,3,4
wGJTG,35,40,40,native,1,4
wGJTG,36,39,40,native,1,4
wGJTG,37,38,38,immersion,2,4
wGJTG,38,38,40,native,1,4
wGJTG,39,40,40,classroom,3,4
wGJTG,40,38,39,classroom,3,4
wGJTG,41,38,40,classroom,3,4
wGJTG,42,32,40,classroom,3,4
wGJTG,43,40,40,native,1,4
wGJTG,44,40,40,native,1,4
wGJTG,45,40,40,native,1,4
wGJTG,46,40,40,immersion,2,4
wGJTG,47,39,40,native,1,4
wGJTG,48,39,40,immersion,2,4
wGJTG,49,38,39,classroom,3,4
wGJTG,50,36,38,immersion,2,4
wGJTG,51,38,40,immersion,2,4
wGJTG,52,40,40,native,1,4
wGJTG,53,39,40,classroom,3,4
wGJTG,54,40,40,native,1,4
wGJTG,55,36,39,immersion,2,4
wGJTG,56,36,40,native,1,4
wGJTG,57,35,40,classroom,3,4
wGJTG,58,39,40,immersion,2,4
wGJTG,59,36,40,immersion,2,4
wGJTG,60,39,40,classroom,3,4
wGJTG,61,39,40,native,1,4
wGJTG,62,40,40,immersion,2,4
wGJTG,63,40,40,classroom,3,4
wGJTG,64,39,40,immersion,2,4
wGJTG,65,40,40,classroom,3,4
wGJTG,66,40,40,native,1,4
wGJTG,67,40,40,classroom,3,4
wGJTG,68,37,40,classroom,3,4
wGJTG,69,39,40,native,1,4
wGJTG,70,40,40,native,1,4
wGJTG,71,37,40,immersion,2,4
wGJTG,72,33,40,immersion,2,4
wGJTG,73,39,39,native,1,4
wGJTG,74,40,40,immersion,2,4
wGJTG,75,31,38,classroom,3,4
wGJTG,76,37,39,immersion,2,4
wGJTG,77,38,39,immersion,2,4
wGJTG,78,40,40,native,1,4
wGJTG,79,38,40,classroom,3,4
wGJTG,80,39,39,immersion,2,4
wGJTG,81,40,40,classroom,3,4
wGJTG,82,40,40,native,1,4
wGJTG,83,40,40,immersion,2,4
wGJTG,84,40,40,native,1,4
wGJTG,85,40,40,immersion,2,4
wGJTG,86,40,40,native,1,4
wGJTG,87,39,40,native,1,4
wGJTG,88,38,40,classroom,3,4
wGJTG,89,39,40,native,1,4
wGJTG,90,37,40,native,1,4
wGJTG,91,32,40,classroom,3,4
wGJTG,92,38,40,immersion,2,4
wGJTG,93,36,40,immersion,2,4
wGJTG,94,39,39,immersion,2,4
wGJTG,95,39,40,classroom,3,4
wGJTG,96,38,39,classroom,3,4
wGJTG,97,38,40,classroom,3,4
wGJTG,98,39,40,classroom,3,4
wGJTG,99,37,40,classroom,3,4
wGJTG,100,40,40,native,1,4
wGJTG,101,40,40,classroom,3,4
wGJTG,102,38,40,immersion,2,4
wGJTG,103,37,40,classroom,3,4
wGJTG,104,32,39,classroom,3,4
wGJTG,105,39,40,native,1,4
wGJTG,106,39,40,native,1,4
wGJTG,107,39,40,immersion,2,4
wGJTG,108,36,38,classroom,3,4
wGJTG,109,40,40,immersion,2,4
wGJTG,110,40,40,native,1,4
wGJTG,111,40,40,native,1,4
wGJTG,112,38,40,immersion,2,4
wGJTG,113,39,40,classroom,3,4
wGJTG,114,35,40,classroom,3,4
wGJTG,115,39,39,immersion,2,4
wGJTG,116,39,40,immersion,2,4
wGJTG,117,40,40,classroom,3,4
wGJTG,118,38,40,native,1,4
wGJTG,119,38,40,classroom,3,4
wGJTG,120,36,40,classroom,3,4
wGJTG,121,37,40,immersion,2,4
wGJTG,122,38,40,classroom,3,4
wGJTG,123,39,40,immersion,2,4
wGJTG,124,39,40,native,1,4
wGJTG,125,40,40,immersion,2,4
wGJTG,126,39,40,immersion,2,4
wGJTG,127,39,39,native,1,4
wGJTG,128,39,39,classroom,3,4
wGJTG,129,37,39,classroom,3,4
wGJTG,130,36,39,classroom,3,4
wGJTG,131,39,40,native,1,4
wGJTG,132,40,40,native,1,4
wGJTG,133,40,40,native,1,4
wGJTG,134,39,40,immersion,2,4
wGJTG,135,38,40,immersion,2,4
wGJTU,1,35,40,immersion,2,5
wGJTU,2,29,40,native,1,5
wGJTU,3,35,40,immersion,2,5
wGJTU,4,24,39,classroom,3,5
wGJTU,5,32,40,classroom,3,5
wGJTU,6,32,40,native,1,5
wGJTU,7,38,40,native,1,5
wGJTU,8,31,40,classroom,3,5
wGJTU,9,33,40,native,1,5
wGJTU,10,22,40,classroom,3,5
wGJTU,11,27,39,classroom,3,5
wGJTU,12,35,40,immersion,2,5
wGJTU,13,37,39,native,1,5
wGJTU,14,37,40,immersion,2,5
wGJTU,15,31,40,classroom,3,5
wGJTU,16,26,40,immersion,2,5
wGJTU,17,36,40,native,1,5
wGJTU,18,32,40,immersion,2,5
wGJTU,19,30,40,native,1,5
wGJTU,20,38,40,native,1,5
wGJTU,21,37,39,native,1,5
wGJTU,22,28,40,immersion,2,5
wGJTU,23,39,40,immersion,2,5
wGJTU,24,35,39,classroom,3,5
wGJTU,25,35,40,native,1,5
wGJTU,26,37,39,immersion,2,5
wGJTU,27,38,40,immersion,2,5
wGJTU,28,37,40,immersion,2,5
wGJTU,29,38,40,native,1,5
wGJTU,30,37,40,classroom,3,5
wGJTU,31,35,40,immersion,2,5
wGJTU,32,30,40,classroom,3,5
wGJTU,33,38,40,native,1,5
wGJTU,34,31,39,classroom,3,5
wGJTU,35,35,40,native,1,5
wGJTU,36,32,40,native,1,5
wGJTU,37,30,40,immersion,2,5
wGJTU,38,36,40,native,1,5
wGJTU,39,38,40,classroom,3,5
wGJTU,40,36,40,classroom,3,5
wGJTU,41,32,39,classroom,3,5
wGJTU,42,28,40,classroom,3,5
wGJTU,43,39,40,native,1,5
wGJTU,44,36,40,native,1,5
wGJTU,45,34,40,native,1,5
wGJTU,46,32,40,immersion,2,5
wGJTU,47,37,40,native,1,5
wGJTU,48,36,40,immersion,2,5
wGJTU,49,35,40,classroom,3,5
wGJTU,50,30,40,immersion,2,5
wGJTU,51,29,40,immersion,2,5
wGJTU,52,37,40,native,1,5
wGJTU,53,36,40,classroom,3,5
wGJTU,54,34,40,native,1,5
wGJTU,55,35,40,immersion,2,5
wGJTU,56,38,40,native,1,5
wGJTU,57,24,39,classroom,3,5
wGJTU,58,29,40,immersion,2,5
wGJTU,59,36,39,immersion,2,5
wGJTU,60,36,40,classroom,3,5
wGJTU,61,27,40,native,1,5
wGJTU,62,35,40,immersion,2,5
wGJTU,63,40,40,classroom,3,5
wGJTU,64,35,40,immersion,2,5
wGJTU,65,40,40,classroom,3,5
wGJTU,66,40,40,native,1,5
wGJTU,67,39,40,classroom,3,5
wGJTU,68,26,40,classroom,3,5
wGJTU,69,39,40,native,1,5
wGJTU,70,35,40,native,1,5
wGJTU,71,23,39,immersion,2,5
wGJTU,72,20,36,immersion,2,5
wGJTU,73,37,39,native,1,5
wGJTU,74,39,40,immersion,2,5
wGJTU,75,27,38,classroom,3,5
wGJTU,76,38,40,immersion,2,5
wGJTU,77,34,40,immersion,2,5
wGJTU,78,39,40,native,1,5
wGJTU,79,37,40,classroom,3,5
wGJTU,80,20,38,immersion,2,5
wGJTU,81,33,40,classroom,3,5
wGJTU,82,38,40,native,1,5
wGJTU,83,36,40,immersion,2,5
wGJTU,84,37,40,native,1,5
wGJTU,85,38,40,immersion,2,5
wGJTU,86,39,40,native,1,5
wGJTU,87,36,40,native,1,5
wGJTU,88,36,40,classroom,3,5
wGJTU,89,39,40,native,1,5
wGJTU,90,40,40,native,1,5
wGJTU,91,32,40,classroom,3,5
wGJTU,92,38,40,immersion,2,5
wGJTU,93,38,40,immersion,2,5
wGJTU,94,33,40,immersion,2,5
wGJTU,95,33,40,classroom,3,5
wGJTU,96,28,38,classroom,3,5
wGJTU,97,36,40,classroom,3,5
wGJTU,98,33,40,classroom,3,5
wGJTU,99,35,39,classroom,3,5
wGJTU,100,37,40,native,1,5
wGJTU,101,36,40,classroom,3,5
wGJTU,102,30,37,immersion,2,5
wGJTU,103,32,39,classroom,3,5
wGJTU,104,24,40,classroom,3,5
wGJTU,105,37,40,native,1,5
wGJTU,106,39,40,native,1,5
wGJTU,107,37,40,immersion,2,5
wGJTU,108,36,39,classroom,3,5
wGJTU,109,38,40,immersion,2,5
wGJTU,110,39,40,native,1,5
wGJTU,111,37,40,native,1,5
wGJTU,112,31,39,immersion,2,5
wGJTU,113,31,40,classroom,3,5
wGJTU,114,36,40,classroom,3,5
wGJTU,115,35,40,immersion,2,5
wGJTU,116,32,40,immersion,2,5
wGJTU,117,36,40,classroom,3,5
wGJTU,118,37,40,native,1,5
wGJTU,119,25,40,classroom,3,5
wGJTU,120,36,40,classroom,3,5
wGJTU,121,33,38,immersion,2,5
wGJTU,122,29,40,classroom,3,5
wGJTU,123,32,40,immersion,2,5
wGJTU,124,38,39,native,1,5
wGJTU,125,33,40,immersion,2,5
wGJTU,126,37,40,immersion,2,5
wGJTU,127,38,40,native,1,5
wGJTU,128,28,39,classroom,3,5
wGJTU,129,29,40,classroom,3,5
wGJTU,130,39,39,classroom,3,5
wGJTU,131,37,40,native,1,5
wGJTU,132,39,40,native,1,5
wGJTU,133,39,40,native,1,5
wGJTU,134,39,40,immersion,2,5
wGJTU,135,29,40,immersion,2,5
